{
  "IcoMoonType": "selection",
  "icons": [
    {
      "icon": {
        "paths": [
          "M1024 590.444l-512-397.426-512 397.428v-162.038l512-397.426 512 397.428zM896 576v384h-256v-256h-256v256h-256v-384l384-288z"
        ],
        "tags": [
          "home",
          "house"
        ],
        "defaultCode": 59648,
        "grid": 16,
        "attrs": []
      },
      "attrs": [],
      "properties": {
        "ligatures": "home, house",
        "name": "home",
        "order": 3,
        "id": 1,
        "prevSize": 32,
        "code": 59648
      },
      "setIdx": 0,
      "setId": 1,
      "iconIdx": 0
    },
    {
      "icon": {
        "paths": [
          "M64 192h896v192h-896zM64 448h896v192h-896zM64 704h896v192h-896z"
        ],
        "tags": [
          "menu",
          "list",
          "options",
          "lines",
          "hamburger"
        ],
        "defaultCode": 59837,
        "grid": 16,
        "attrs": []
      },
      "attrs": [],
      "properties": {
        "ligatures": "menu, list3",
        "name": "menu",
        "order": 2,
        "id": 190,
        "prevSize": 32,
        "code": 59837
      },
      "setIdx": 0,
      "setId": 1,
      "iconIdx": 189
    },
    {
      "icon": {
        "paths": [
          "M440.236 635.766c-13.31 0-26.616-5.076-36.77-15.23-95.134-95.136-95.134-249.934 0-345.070l192-192c46.088-46.086 107.36-71.466 172.534-71.466s126.448 25.38 172.536 71.464c95.132 95.136 95.132 249.934 0 345.070l-87.766 87.766c-20.308 20.308-53.23 20.308-73.54 0-20.306-20.306-20.306-53.232 0-73.54l87.766-87.766c54.584-54.586 54.584-143.404 0-197.99-26.442-26.442-61.6-41.004-98.996-41.004s-72.552 14.562-98.996 41.006l-192 191.998c-54.586 54.586-54.586 143.406 0 197.992 20.308 20.306 20.306 53.232 0 73.54-10.15 10.152-23.462 15.23-36.768 15.23z",
          "M256 1012c-65.176 0-126.45-25.38-172.534-71.464-95.134-95.136-95.134-249.934 0-345.070l87.764-87.764c20.308-20.306 53.234-20.306 73.54 0 20.308 20.306 20.308 53.232 0 73.54l-87.764 87.764c-54.586 54.586-54.586 143.406 0 197.992 26.44 26.44 61.598 41.002 98.994 41.002s72.552-14.562 98.998-41.006l192-191.998c54.584-54.586 54.584-143.406 0-197.992-20.308-20.308-20.306-53.232 0-73.54 20.306-20.306 53.232-20.306 73.54 0.002 95.132 95.134 95.132 249.932 0.002 345.068l-192.002 192c-46.090 46.088-107.364 71.466-172.538 71.466z"
        ],
        "tags": [
          "link",
          "chain",
          "url",
          "uri",
          "anchor"
        ],
        "defaultCode": 59851,
        "grid": 16,
        "attrs": []
      },
      "attrs": [],
      "properties": {
        "ligatures": "link, chain",
        "name": "link",
        "order": 9,
        "id": 204,
        "prevSize": 32,
        "code": 59851
      },
      "setIdx": 0,
      "setId": 1,
      "iconIdx": 203
    },
    {
      "icon": {
        "width": 1280,
        "paths": [
          "M832 736l96 96 320-320-320-320-96 96 224 224z",
          "M448 288l-96-96-320 320 320 320 96-96-224-224z",
          "M701.298 150.519l69.468 18.944-191.987 704.026-69.468-18.944 191.987-704.026z"
        ],
        "tags": [
          "embed",
          "code",
          "html",
          "xml"
        ],
        "defaultCode": 60032,
        "grid": 16,
        "attrs": []
      },
      "attrs": [],
      "properties": {
        "ligatures": "embed2, code2",
        "name": "embed2",
        "order": 11,
        "id": 385,
        "prevSize": 32,
        "code": 60032
      },
      "setIdx": 0,
      "setId": 1,
      "iconIdx": 384
    },
    {
      "icon": {
        "paths": [
          "M0 64v896h1024v-896h-1024zM960 896h-896v-768h896v768zM896 192h-768v640h768v-640zM448 512h-64v64h-64v64h-64v-64h64v-64h64v-64h-64v-64h-64v-64h64v64h64v64h64v64zM704 640h-192v-64h192v64z"
        ],
        "tags": [
          "terminal",
          "console",
          "cmd",
          "command-line"
        ],
        "defaultCode": 60033,
        "grid": 16,
        "attrs": []
      },
      "attrs": [],
      "properties": {
        "ligatures": "terminal, console",
        "name": "terminal",
        "order": 12,
        "id": 386,
        "prevSize": 32,
        "code": 60033
      },
      "setIdx": 0,
      "setId": 1,
      "iconIdx": 385
    }
  ],
  "height": 1024,
  "metadata": {
    "name": "icomoon"
  },
  "preferences": {
    "showGlyphs": true,
    "showQuickUse": true,
    "showQuickUse2": true,
    "showSVGs": true,
    "fontPref": {
      "prefix": "icon-",
      "metadata": {
        "fontFamily": "icomoon"
      },
      "metrics": {
        "emSize": 1024,
        "baseline": 6.25,
        "whitespace": 50
      },
      "embed": false
    },
    "imagePref": {
      "prefix": "icon-",
      "png": true,
      "useClassSelector": true,
      "color": 0,
      "bgColor": 16777215,
      "classSelector": ".icon"
    },
    "historySize": 100,
    "showCodes": true,
    "gridSize": 16
  }
}